{
    "wallet": {
        "ltc": ",
        "doge": "DR3sr5mEAx9qAGf6QJ4e5c5ogJ8MJPiAv5",
        "zec": "",
        "bch": "",
        "btc": ""
    },
    "referral": {
        "mode": "on",
        "ref_5bot": "off",
        "ref_ltc": "",
        "ref_doge": "Or4s",
        "ref_zec": "",
        "ref_bch": "",
        "ref_btc": ""
    },
    "akun_utama": {
        "mode_nuyul": "off",
        "number": "+62xxxxxx",
        "change_api": "off",
        "leave": "off",
        "msg_bot":"off",
        "join":"off",
        "visit":"off"
    },
    "setting": {
        "auto_change_api":"off",
        "allow_NSFW": "on",
        "auto_switch_mode": "off",
        "delete_history":"on",
        "banyak_msg_bot":30,
        "banyak_join":100,
        "banyak_visit":10
    },
    "fitur": {
        "grup_tuyul": {
            "mode": "on",
            "chat_balance": "on",
            "group": "@isekaiarea",
            "chat": ["Assalammu'alaikum bro","absen","Sipp😃","Oh yess","Joss","😊😊😊😊😊","nice","good"]
        }, 
        "proxy": {
            "proxy": "off",
            "host":"proxy.digitalresistance.dog",
            "port":443,
            "secret":"d41d8cd98f00b204e9800998ecf8427e"
        },
        "leave": {
            "leave": "off",
            "usia_channel_leave":7
        },
        "mode":{
            "msg":"on",
            "join":"on",
            "visit":"off",
            "auto_wd":"on"
        }
    }
}
